id;numero;rep;nom_voie;code_postal;code_insee;nom_commune;nom_ancienne_commune;nom_ld;lon;lat
35321_b141_00014;14;;La Riviere Noyal;35320;35321;Saulnières;;;-1.585905;47.929244
35321_b009_00023;23;;Beau Soleil;35320;35321;Saulnières;;;-1.587513;47.92423
35321_4f99sh_00041;41;;Les Pointellieres;35320;35321;Saulnières;;;-1.582391;47.914118
35321_c36vil_00001;1;;Rue Narcisse Haslé;35320;35321;Saulnières;;;-1.586236;47.91519
35321_0140_00007;7;;Rue du Semnon;35320;35321;Saulnières;;;-1.58537;47.914038
35321_0110_00003;3;;Allée des Peupliers;35320;35321;Saulnières;;;-1.587695;47.914764
35321_a020_00006;6;;Residence du Tilleul;35320;35321;Saulnières;;;-1.58461;47.915907
35321_b011_00010;10;;La Belle Epine;35320;35321;Saulnières;;;-1.55956;47.92031
35321_0025_00004;4;;Rue de l'Etang;35320;35321;Saulnières;;;-1.589549;47.911944
35321_b010_00006;6;;Bel Air;35320;35321;Saulnières;;;-1.570022;47.924914
35321_0080_00003;3;;Rue des Oeillets;35320;35321;Saulnières;;;-1.588275;47.916278
35321_0038_00004;4;;Ruelle des Francs Bourgeois;35320;35321;Saulnières;;;-1.5871;47.915225
35321_iyakw1_00020;20;;La Colombais;35320;35321;Saulnières;;;-1.591465;47.928095
35321_d0r3sw_00005;5;;Le Fouteau;35320;35321;Saulnières;;;-1.567228;47.920862
35321_17ruyn_00028;28;;L’Affeagement;35320;35321;Saulnières;;;-1.577879;47.917486
35321_0130_00001;1;;Rue Saint Martin;35320;35321;Saulnières;;;-1.588423;47.915536
35321_d0r3sw_00006;6;;Le Fouteau;35320;35321;Saulnières;;;-1.566239;47.920674
35321_0100_00011;11;;Rue des Paludiers;35320;35321;Saulnières;;;-1.58808;47.915941
35321_17ruyn_00014;14;;L’Affeagement;35320;35321;Saulnières;;;-1.580853;47.917033
35321_iyakw1_00010;10;;La Colombais;35320;35321;Saulnières;;;-1.589887;47.927766
35321_7a61hw_00003;3;;Le Casseul;35320;35321;Saulnières;;;-1.568685;47.91211
35321_g2nvsh_02006;2006;;Zone Artisanale les Salines;35320;35321;Saulnières;;;-1.576602;47.916786
35321_b010_00004;4;;Bel Air;35320;35321;Saulnières;;;-1.570203;47.924878
35321_b009_00012;12;;Beau Soleil;35320;35321;Saulnières;;;-1.587271;47.924044
35321_0038_00009;9;;Ruelle des Francs Bourgeois;35320;35321;Saulnières;;;-1.587605;47.915691
35321_0025_00003;3;;Rue de l'Etang;35320;35321;Saulnières;;;-1.589443;47.914653
35321_0155_00003_b;3;b;Rue du Vieux Bourg;35320;35321;Saulnières;;;-1.591269;47.915627
35321_0080_00006;6;;Rue des Oeillets;35320;35321;Saulnières;;;-1.588462;47.916243
35321_0160_00002;2;;Impasse du Vivier;35320;35321;Saulnières;;;-1.583799;47.917232
35321_0050_00002;2;;Impasse de la Lande de Baragon;35320;35321;Saulnières;;;-1.586517;47.914581
35321_waipnp_00063;63;;Les Croix;35320;35321;Saulnières;;;-1.579377;47.914035
35321_0040_00015;15;;Rue de la Gare;35320;35321;Saulnières;;;-1.590649;47.915747
35321_waipnp_00053;53;;Les Croix;35320;35321;Saulnières;;;-1.580318;47.913838
35321_0132_00011;11;;Rue des Salicornes;35320;35321;Saulnières;;;-1.587537;47.916735
35321_b009_00006;6;;Beau Soleil;35320;35321;Saulnières;;;-1.587352;47.923476
35321_ryicqp_00001;1;;Les Oriais;35320;35321;Saulnières;;;-1.574064;47.908511
35321_iyakw1_00016;16;;La Colombais;35320;35321;Saulnières;;;-1.591069;47.928062
35321_t16nd2_00010;10;;Marnas;35320;35321;Saulnières;;;-1.587998;47.921016
35321_0100_00027;27;;Rue des Paludiers;35320;35321;Saulnières;;;-1.586116;47.916156
35321_iyakw1_00003;3;;La Colombais;35320;35321;Saulnières;;;-1.588978;47.927375
35321_waipnp_00051;51;;Les Croix;35320;35321;Saulnières;;;-1.580679;47.913886
35321_0110_00002;2;;Allée des Peupliers;35320;35321;Saulnières;;;-1.587752;47.914684
35321_0160_00004;4;;Impasse du Vivier;35320;35321;Saulnières;;;-1.583696;47.917969
35321_0130_00006_c;6;c;Rue Saint Martin;35320;35321;Saulnières;;;-1.585587;47.914611
35321_0040_00002_c;2;c;Rue de la Gare;35320;35321;Saulnières;;;-1.588905;47.915623
35321_0060_00007;7;;Rue Maigé;35320;35321;Saulnières;;;-1.587062;47.913912
35321_02bbye_00005;5;;La Sorais;35320;35321;Saulnières;;;-1.577917;47.921504
35321_a020_00008;8;;Residence du Tilleul;35320;35321;Saulnières;;;-1.584438;47.915886
35321_iyakw1_00006;6;;La Colombais;35320;35321;Saulnières;;;-1.588918;47.927448
35321_rrcvlx_00002;2;;Caharel;35320;35321;Saulnières;;;-1.5846;47.933258
35321_mvjj52_00007;7;;La Tennehais;35320;35321;Saulnières;;;-1.56636;47.92766
35321_mvjj52_00003;3;;La Tennehais;35320;35321;Saulnières;;;-1.565839;47.927343
35321_0140_00008;8;;Rue du Semnon;35320;35321;Saulnières;;;-1.585427;47.913967
35321_0135_00004;4;;Rue des Saulniers;35320;35321;Saulnières;;;-1.590593;47.915158
35321_1fw53b_00001;1;;Villeneuve;35320;35321;Saulnières;;;-1.573791;47.918424
35321_b010_00008;8;;Bel Air;35320;35321;Saulnières;;;-1.570344;47.925012
35321_02bbye_00027;27;;La Sorais;35320;35321;Saulnières;;;-1.578977;47.923156
35321_0132_00009;9;;Rue des Salicornes;35320;35321;Saulnières;;;-1.587613;47.916747
35321_0060_00009;9;;Rue Maigé;35320;35321;Saulnières;;;-1.58723;47.913974
35321_17ruyn_00020;20;;L’Affeagement;35320;35321;Saulnières;;;-1.579291;47.917246
35321_a020_00001;1;;Residence du Tilleul;35320;35321;Saulnières;;;-1.584585;47.915431
35321_0060_00003;3;;Rue Maigé;35320;35321;Saulnières;;;-1.586538;47.91372
35321_b075_00005;5;;La Fontaine Piard;35320;35321;Saulnières;;;-1.555561;47.925274
35321_b141_00001;1;;La Riviere Noyal;35320;35321;Saulnières;;;-1.586696;47.929839
35321_0050_00006;6;;Impasse de la Lande de Baragon;35320;35321;Saulnières;;;-1.586889;47.914675
35321_g2nvsh_02004;2004;;Zone Artisanale les Salines;35320;35321;Saulnières;;;-1.576817;47.917069
35321_b020_00002;2;;Le Champ Berhault;35320;35321;Saulnières;;;-1.581223;47.926012
35321_0135_00006;6;;Rue des Saulniers;35320;35321;Saulnières;;;-1.589946;47.91471
35321_0155_00005;5;;Rue du Vieux Bourg;35320;35321;Saulnières;;;-1.591378;47.915741
35321_4f99sh_00037;37;;Les Pointellieres;35320;35321;Saulnières;;;-1.583008;47.91422
35321_0025_00001;1;;Rue de l'Etang;35320;35321;Saulnières;;;-1.589481;47.914907
35321_b009_00015;15;;Beau Soleil;35320;35321;Saulnières;;;-1.587751;47.923443
35321_b011_00023;23;;La Belle Epine;35320;35321;Saulnières;;;-1.563183;47.917612
35321_0130_00008_a;8;a;Rue Saint Martin;35320;35321;Saulnières;;;-1.585447;47.914571
35321_b009_00021;21;;Beau Soleil;35320;35321;Saulnières;;;-1.587572;47.92402
35321_0040_00007;7;;Rue de la Gare;35320;35321;Saulnières;;;-1.590322;47.915875
35321_0130_00012;12;;Rue Saint Martin;35320;35321;Saulnières;;;-1.58445;47.914386
35321_0060_00012;12;;Rue Maigé;35320;35321;Saulnières;;;-1.587494;47.914157
35321_b069_00039;39;;La Croix Blanche;35320;35321;Saulnières;;;-1.588361;47.922921
35321_b009_00019;19;;Beau Soleil;35320;35321;Saulnières;;;-1.587556;47.923843
35321_0130_00033;33;;Rue Saint Martin;35320;35321;Saulnières;;;-1.5837;47.914392
35321_0tawg6_00003;3;;La Motte;35320;35321;Saulnières;;;-1.592744;47.916112
35321_g2nvsh_02012;2012;;Zone Artisanale les Salines;35320;35321;Saulnières;;;-1.575553;47.916415
35321_0008_00004;4;;Impasse Choisel;35320;35321;Saulnières;;;-1.585922;47.913535
35321_0130_00002;2;;Rue Saint Martin;35320;35321;Saulnières;;;-1.587278;47.915074
35321_b120_00003;3;;le Plessis Bon Enfant;35320;35321;Saulnières;;;-1.578053;47.933322
35321_b012_00001;1;;Le Bois Aubry;35320;35321;Saulnières;;;-1.595002;47.907181
35321_0130_00021;21;;Rue Saint Martin;35320;35321;Saulnières;;;-1.585722;47.914744
35321_b069_00031;31;;La Croix Blanche;35320;35321;Saulnières;;;-1.587931;47.92218
35321_0130_00017;17;;Rue Saint Martin;35320;35321;Saulnières;;;-1.586511;47.914925
35321_b009_00009;9;;Beau Soleil;35320;35321;Saulnières;;;-1.587672;47.923064
35321_17ruyn_00021;21;;L’Affeagement;35320;35321;Saulnières;;;-1.578404;47.917599
35321_0130_00014;14;;Rue Saint Martin;35320;35321;Saulnières;;;-1.583978;47.914317
35321_0160_00003;3;;Impasse du Vivier;35320;35321;Saulnières;;;-1.584049;47.917121
35321_gfdgy4_00001;1;;La Noe Blanche;35320;35321;Saulnières;;La Noe Blanche;-1.571734;47.923398
35321_0130_00008_b;8;b;Rue Saint Martin;35320;35321;Saulnières;;;-1.58527;47.914516
35321_0040_00004_b;4;b;Rue de la Gare;35320;35321;Saulnières;;;-1.589611;47.915862
35321_d0r3sw_00009;9;;Le Fouteau;35320;35321;Saulnières;;;-1.56447;47.920701
35321_02bbye_00025;25;;La Sorais;35320;35321;Saulnières;;;-1.578602;47.922856
35321_0060_00013;13;;Rue Maigé;35320;35321;Saulnières;;;-1.587801;47.914102
35321_2dr8uh_00002;2;;Landruais;35320;35321;Saulnières;;;-1.586289;47.90462
35321_0160_00005;5;;Impasse du Vivier;35320;35321;Saulnières;;;-1.583974;47.917365
35321_0100_00001;1;;Rue des Paludiers;35320;35321;Saulnières;;;-1.58883;47.91566
35321_a020_00002;2;;Residence du Tilleul;35320;35321;Saulnières;;;-1.584413;47.915979
35321_b141_00006;6;;La Riviere Noyal;35320;35321;Saulnières;;;-1.586486;47.929682
35321_02bbye_00021;21;;La Sorais;35320;35321;Saulnières;;;-1.577601;47.922124
35321_2dr8uh_00011;11;;Landruais;35320;35321;Saulnières;;;-1.584754;47.903518
35321_2dr8uh_00009;9;;Landruais;35320;35321;Saulnières;;;-1.585142;47.903585
35321_0038_00006;6;;Ruelle des Francs Bourgeois;35320;35321;Saulnières;;;-1.587002;47.915846
35321_0040_00016;16;;Rue de la Gare;35320;35321;Saulnières;;;-1.592516;47.916404
35321_b140_00021;21;;La Riviere Breton;35320;35321;Saulnières;;;-1.583053;47.931824
35321_a010_00010;10;;Résidence des Rosiers;35320;35321;Saulnières;;;-1.58879;47.914357
35321_02bbye_00007;7;;La Sorais;35320;35321;Saulnières;;;-1.57779;47.921752
35321_b011_00025;25;;La Belle Epine;35320;35321;Saulnières;;;-1.562807;47.91757
35321_a010_00006;6;;Résidence des Rosiers;35320;35321;Saulnières;;;-1.588913;47.914525
35321_b069_00001;1;;La Croix Blanche;35320;35321;Saulnières;;;-1.588838;47.917904
35321_b009_00002;2;;Beau Soleil;35320;35321;Saulnières;;;-1.58754;47.922966
35321_g2nvsh_02008;2008;;Zone Artisanale les Salines;35320;35321;Saulnières;;;-1.576319;47.916715
35321_b069_00023;23;;La Croix Blanche;35320;35321;Saulnières;;;-1.588155;47.920734
35321_0135_00001;1;;Rue des Saulniers;35320;35321;Saulnières;;;-1.589058;47.91493
35321_0025_00005;5;;Rue de l'Etang;35320;35321;Saulnières;;;-1.589504;47.914387
35321_0040_00004_a;4;a;Rue de la Gare;35320;35321;Saulnières;;;-1.58943;47.915787
35321_b010_00010;10;;Bel Air;35320;35321;Saulnières;;;-1.570432;47.924779
35321_0035_00003;3;;Rue du Four;35320;35321;Saulnières;;;-1.589392;47.915354
35321_0038_00001;1;;Ruelle des Francs Bourgeois;35320;35321;Saulnières;;;-1.587154;47.915384
35321_a020_00014;14;;Residence du Tilleul;35320;35321;Saulnières;;;-1.584726;47.91533
35321_iyakw1_00019;19;;La Colombais;35320;35321;Saulnières;;;-1.591599;47.928018
35321_0008_00006;6;;Impasse Choisel;35320;35321;Saulnières;;;-1.585794;47.913492
35321_y7w1d0_00004;4;;Les Perrettes;35320;35321;Saulnières;;;-1.591336;47.913506
35321_4f99sh_00016;16;;Les Pointellieres;35320;35321;Saulnières;;;-1.583194;47.91417
35321_4f99sh_00047;47;;Les Pointellieres;35320;35321;Saulnières;;;-1.581349;47.913981
35321_b012_00002;2;;Le Bois Aubry;35320;35321;Saulnières;;;-1.595539;47.907134
35321_a010_00001;1;;Résidence des Rosiers;35320;35321;Saulnières;;;-1.588149;47.914941
35321_0100_00021;21;;Rue des Paludiers;35320;35321;Saulnières;;;-1.587014;47.915997
35321_iyakw1_00008;8;;La Colombais;35320;35321;Saulnières;;;-1.589596;47.927689
35321_0155_00003;3;;Rue du Vieux Bourg;35320;35321;Saulnières;;;-1.591063;47.915597
35321_02bbye_00009;9;;La Sorais;35320;35321;Saulnières;;;-1.578486;47.921164
35321_0040_00019;19;;Rue de la Gare;35320;35321;Saulnières;;;-1.591067;47.915831
35321_17ruyn_00001_a;1;a;L’Affeagement;35320;35321;Saulnières;;;-1.58301;47.916772
35321_0060_00015;15;;Rue Maigé;35320;35321;Saulnières;;;-1.587996;47.914152
35321_0140_00005;5;;Rue du Semnon;35320;35321;Saulnières;;;-1.585595;47.914111
35321_iyakw1_00011;11;;La Colombais;35320;35321;Saulnières;;;-1.590829;47.927775
35321_u4tjbo_00001;1;;La Robinerie;35320;35321;Saulnières;;;-1.586866;47.930071
35321_b010_00002;2;;Bel Air;35320;35321;Saulnières;;;-1.566931;47.923651
35321_a020_00005;5;;Residence du Tilleul;35320;35321;Saulnières;;;-1.58467;47.915152
35321_0100_00010_a;10;a;Rue des Paludiers;35320;35321;Saulnières;;;-1.585895;47.916072
35321_b009_00007;7;;Beau Soleil;35320;35321;Saulnières;;;-1.58839;47.923054
35321_0050_00005;5;;Impasse de la Lande de Baragon;35320;35321;Saulnières;;;-1.586833;47.914572
35321_0132_00005;5;;Rue des Salicornes;35320;35321;Saulnières;;;-1.588368;47.916846
35321_0060_00004;4;;Rue Maigé;35320;35321;Saulnières;;;-1.586498;47.913797
35321_b009_00017;17;;Beau Soleil;35320;35321;Saulnières;;;-1.587628;47.923619
35321_0160_00001;1;;Impasse du Vivier;35320;35321;Saulnières;;;-1.584088;47.9169
35321_g2nvsh_04004;4004;;Zone Artisanale les Salines;35320;35321;Saulnières;;;-1.575848;47.917332
35321_0100_00010_c;10;c;Rue des Paludiers;35320;35321;Saulnières;;;-1.585715;47.916084
35321_02bbye_00022;22;;La Sorais;35320;35321;Saulnières;;;-1.577937;47.923165
35321_0140_00003;3;;Rue du Semnon;35320;35321;Saulnières;;;-1.585813;47.914181
35321_t1dyax_00004;4;;la Jouaudière;35320;35321;Saulnières;;;-1.557913;47.923183
35321_17ruyn_00005;5;;L’Affeagement;35320;35321;Saulnières;;;-1.581461;47.917017
35321_b141_00012;12;;La Riviere Noyal;35320;35321;Saulnières;;;-1.585843;47.929378
35321_0dkf4h_00008;8;;Le Mortier;35320;35321;Saulnières;;;-1.57654;47.912277
35321_0130_00003;3;;Rue Saint Martin;35320;35321;Saulnières;;;-1.587789;47.915289
35321_0080_00002;2;;Rue des Oeillets;35320;35321;Saulnières;;;-1.588698;47.916351
35321_4f99sh_00035;35;;Les Pointellieres;35320;35321;Saulnières;;;-1.583225;47.914252
35321_b009_00001;1;;Beau Soleil;35320;35321;Saulnières;;;-1.589914;47.923227
35321_8xv1ti_00011;11;;les Marronniers;35320;35321;Saulnières;;;-1.58009;47.917283
35321_rrcvlx_00003;3;;Caharel;35320;35321;Saulnières;;;-1.584712;47.933327
35321_0140_00002;2;;Rue du Semnon;35320;35321;Saulnières;;;-1.586133;47.914224
35321_iyakw1_00015;15;;La Colombais;35320;35321;Saulnières;;;-1.591086;47.927601
35321_b156_00002;2;;Les 4 Vents;35320;35321;Saulnières;;;-1.56462;47.919888
35321_b140_00024;24;;La Riviere Breton;35320;35321;Saulnières;;;-1.583551;47.931426
35321_0080_00001;1;;Rue des Oeillets;35320;35321;Saulnières;;;-1.588476;47.916312
35321_ma4qld_00001;1;;Laurière;35320;35321;Saulnières;;;-1.570371;47.908029
35321_b069_00011;11;;La Croix Blanche;35320;35321;Saulnières;;;-1.588518;47.919256
35321_b069_00033;33;;La Croix Blanche;35320;35321;Saulnières;;;-1.588203;47.922617
35321_0dkf4h_00006;6;;Le Mortier;35320;35321;Saulnières;;;-1.576456;47.912508
35321_0038_00011;11;;Ruelle des Francs Bourgeois;35320;35321;Saulnières;;;-1.58775;47.915679
35321_0100_00018;18;;Rue des Paludiers;35320;35321;Saulnières;;;-1.584836;47.916068
35321_02bbye_00011;11;;La Sorais;35320;35321;Saulnières;;;-1.578488;47.921791
35321_0038_00005;5;;Ruelle des Francs Bourgeois;35320;35321;Saulnières;;;-1.587339;47.915729
35321_b159_00001;1;;La Table aux Fées;35320;35321;Saulnières;;;-1.559536;47.922374
35321_rrcvlx_00007;7;;Caharel;35320;35321;Saulnières;;;-1.585079;47.933676
35321_0130_00010;10;;Rue Saint Martin;35320;35321;Saulnières;;;-1.585061;47.914476
35321_17ruyn_00003;3;;L’Affeagement;35320;35321;Saulnières;;;-1.582142;47.916926
35321_0dkf4h_00002;2;;Le Mortier;35320;35321;Saulnières;;;-1.576312;47.91316
35321_0100_00017;17;;Rue des Paludiers;35320;35321;Saulnières;;;-1.587434;47.91597
35321_0110_00001;1;;Allée des Peupliers;35320;35321;Saulnières;;;-1.587606;47.915028
35321_0155_00002;2;;Rue du Vieux Bourg;35320;35321;Saulnières;;;-1.590278;47.915612
35321_0035_00001;1;;Rue du Four;35320;35321;Saulnières;;;-1.589354;47.91545
35321_waipnp_00067;67;;Les Croix;35320;35321;Saulnières;;;-1.579122;47.913653
35321_b069_00037;37;;La Croix Blanche;35320;35321;Saulnières;;;-1.593222;47.923392
35321_d0r3sw_00002;2;;Le Fouteau;35320;35321;Saulnières;;;-1.567928;47.920675
35321_02bbye_00027_bis;27;bis;La Sorais;35320;35321;Saulnières;;;-1.579152;47.922846
35321_0038_00002;2;;Ruelle des Francs Bourgeois;35320;35321;Saulnières;;;-1.587117;47.915314
35321_0008_00008;8;;Impasse Choisel;35320;35321;Saulnières;;;-1.585698;47.913472
35321_rrcvlx_00001;1;;Caharel;35320;35321;Saulnières;;;-1.584903;47.933105
35321_0132_00008;8;;Rue des Salicornes;35320;35321;Saulnières;;;-1.587721;47.916663
35321_0130_00023;23;;Rue Saint Martin;35320;35321;Saulnières;;;-1.585533;47.914668
35321_b140_00022;22;;La Riviere Breton;35320;35321;Saulnières;;;-1.584002;47.931532
35321_02bbye_00001;1;;La Sorais;35320;35321;Saulnières;;;-1.577261;47.921871
35321_17ruyn_00018;18;;L’Affeagement;35320;35321;Saulnières;;;-1.579724;47.917196
35321_b011_00015;15;;La Belle Epine;35320;35321;Saulnières;;;-1.563611;47.919366
35321_b157_00002;2;;Le Haut Gatel;35320;35321;Saulnières;;;-1.565825;47.929744
35321_0130_00006_a;6;a;Rue Saint Martin;35320;35321;Saulnières;;;-1.585872;47.91468
35321_0100_00015;15;;Rue des Paludiers;35320;35321;Saulnières;;;-1.587974;47.915961
35321_0008_00003;3;;Impasse Choisel;35320;35321;Saulnières;;;-1.585894;47.913615
35321_a010_00009;9;;Résidence des Rosiers;35320;35321;Saulnières;;;-1.588619;47.914374
35321_2dr8uh_00001;1;;Landruais;35320;35321;Saulnières;;;-1.585836;47.904665
35321_0100_00013;13;;Rue des Paludiers;35320;35321;Saulnières;;;-1.588022;47.915944
35321_b009_00005;5;;Beau Soleil;35320;35321;Saulnières;;;-1.588901;47.923101
35321_0080_00005;5;;Rue des Oeillets;35320;35321;Saulnières;;;-1.587986;47.916253
35321_rrcvlx_00004;4;;Caharel;35320;35321;Saulnières;;;-1.584403;47.933607
35321_b020_00010;10;;Le Champ Berhault;35320;35321;Saulnières;;;-1.579755;47.924694
35321_a010_00005;5;;Résidence des Rosiers;35320;35321;Saulnières;;;-1.588353;47.914756
35321_t1dyax_00002;2;;la Jouaudière;35320;35321;Saulnières;;;-1.558305;47.922934
35321_17ruyn_00022;22;;L’Affeagement;35320;35321;Saulnières;;;-1.57864;47.917333
35321_0050_00003;3;;Impasse de la Lande de Baragon;35320;35321;Saulnières;;;-1.586644;47.914517
35321_0100_00023;23;;Rue des Paludiers;35320;35321;Saulnières;;;-1.586703;47.916118
35321_b156_00001;1;;Les 4 Vents;35320;35321;Saulnières;;;-1.565812;47.919853
35321_b069_00003;3;;La Croix Blanche;35320;35321;Saulnières;;;-1.588752;47.91827
35321_waipnp_00061;61;;Les Croix;35320;35321;Saulnières;;;-1.579405;47.914192
35321_waipnp_00049;49;;Les Croix;35320;35321;Saulnières;;;-1.580968;47.913946
35321_0040_00008_b;8;b;Rue de la Gare;35320;35321;Saulnières;;;-1.591576;47.916023
35321_0040_00002_a;2;a;Rue de la Gare;35320;35321;Saulnières;;;-1.58885;47.915677
35321_b141_00002;2;;La Riviere Noyal;35320;35321;Saulnières;;;-1.586832;47.926886
35321_0025_00006;6;;Rue de l'Etang;35320;35321;Saulnières;;;-1.588081;47.910229
35321_3wv9k7_00002;2;;Le Boulai;35320;35321;Saulnières;;;-1.572997;47.903823
35321_0100_00019;19;;Rue des Paludiers;35320;35321;Saulnières;;;-1.587325;47.915933
35321_0160_00007;7;;Impasse du Vivier;35320;35321;Saulnières;;;-1.583919;47.917567
35321_0140_00004;4;;Rue du Semnon;35320;35321;Saulnières;;;-1.585951;47.914147
35321_g2nvsh_04001;4001;;Zone Artisanale les Salines;35320;35321;Saulnières;;;-1.576043;47.917156
35321_b011_00021;21;;La Belle Epine;35320;35321;Saulnières;;;-1.563661;47.918376
35321_4f99sh_00045;45;;Les Pointellieres;35320;35321;Saulnières;;;-1.581519;47.914011
35321_02bbye_00023;23;;La Sorais;35320;35321;Saulnières;;;-1.577336;47.922548
35321_0130_00029;29;;Rue Saint Martin;35320;35321;Saulnières;;;-1.584702;47.914459
35321_0040_00011;11;;Rue de la Gare;35320;35321;Saulnières;;;-1.590494;47.915736
35321_t9fq6n_00002;2;;La Touche;35320;35321;Saulnières;;;-1.561838;47.926912
35321_b009_00004;4;;Beau Soleil;35320;35321;Saulnières;;;-1.587255;47.922924
35321_0100_00014;14;;Rue des Paludiers;35320;35321;Saulnières;;;-1.585091;47.916011
35321_b012_00004;4;;Le Bois Aubry;35320;35321;Saulnières;;;-1.595158;47.90706
35321_b069_00035;35;;La Croix Blanche;35320;35321;Saulnières;;;-1.587967;47.922916
35321_b075_00001;1;;La Fontaine Piard;35320;35321;Saulnières;;;-1.556107;47.924473
35321_0080_00004;4;;Rue des Oeillets;35320;35321;Saulnières;;;-1.588663;47.916303
35321_0100_00008;8;;Rue des Paludiers;35320;35321;Saulnières;;;-1.586056;47.91607
35321_7a61hw_00001;1;;Le Casseul;35320;35321;Saulnières;;;-1.568768;47.911976
35321_0100_00016;16;;Rue des Paludiers;35320;35321;Saulnières;;;-1.585114;47.916243
35321_0155_00001_b;1;b;Rue du Vieux Bourg;35320;35321;Saulnières;;;-1.590214;47.915537
35321_0132_00002;2;;Rue des Salicornes;35320;35321;Saulnières;;;-1.588727;47.91684
35321_0050_00007;7;;Impasse de la Lande de Baragon;35320;35321;Saulnières;;;-1.586935;47.914601
35321_0132_00001;1;;Rue des Salicornes;35320;35321;Saulnières;;;-1.588823;47.916922
35321_0100_00007;7;;Rue des Paludiers;35320;35321;Saulnières;;;-1.588144;47.915777
35321_0100_00010_b;10;b;Rue des Paludiers;35320;35321;Saulnières;;;-1.585809;47.916075
35321_0140_00001;1;;Rue du Semnon;35320;35321;Saulnières;;;-1.585996;47.914279
35321_1fw53b_00002;2;;Villeneuve;35320;35321;Saulnières;;;-1.569989;47.918934
35321_mvjj52_00005;5;;La Tennehais;35320;35321;Saulnières;;;-1.566014;47.927616
35321_8xv1ti_00007;7;;les Marronniers;35320;35321;Saulnières;;;-1.581253;47.91705
35321_0040_00009;9;;Rue de la Gare;35320;35321;Saulnières;;;-1.590627;47.915849
35321_0100_00005;5;;Rue des Paludiers;35320;35321;Saulnières;;;-1.588416;47.915735
35321_0038_00003;3;;Ruelle des Francs Bourgeois;35320;35321;Saulnières;;;-1.587206;47.915741
35321_0060_00002;2;;Rue Maigé;35320;35321;Saulnières;;;-1.586307;47.913735
35321_g2nvsh_02002;2002;;Zone Artisanale les Salines;35320;35321;Saulnières;;;-1.576944;47.917439
35321_0tawg6_00001;1;;La Motte;35320;35321;Saulnières;;;-1.592092;47.916001
35321_a020_00003;3;;Residence du Tilleul;35320;35321;Saulnières;;;-1.584634;47.915327
35321_b073_00001;1;;L'Etang de Régnier;35320;35321;Saulnières;;L'Etang de Régnier;-1.565584;47.912251
35321_0130_00006_b;6;b;Rue Saint Martin;35320;35321;Saulnières;;;-1.585701;47.914635
35321_dbqf2a_00002;2;;Les Tuffes;35320;35321;Saulnières;;;-1.565635;47.924792
35321_17ruyn_00019;19;;L’Affeagement;35320;35321;Saulnières;;;-1.578841;47.917493
35321_a020_00012;12;;Residence du Tilleul;35320;35321;Saulnières;;;-1.584664;47.915456
35321_b069_00008;8;;La Croix Blanche;35320;35321;Saulnières;;;-1.587568;47.922316
35321_0050_00004;4;;Impasse de la Lande de Baragon;35320;35321;Saulnières;;;-1.586654;47.914618
35321_waipnp_00052;52;;Les Croix;35320;35321;Saulnières;;;-1.578456;47.91356
35321_mvjj52_00006;6;;La Tennehais;35320;35321;Saulnières;;;-1.565573;47.927415
35321_qycqse_00001;1;;La Marché;35320;35321;Saulnières;;;-1.571431;47.931923
35321_0130_00002_a;2;a;Rue Saint Martin;35320;35321;Saulnières;;;-1.587899;47.915238
35321_0dkf4h_00004;4;;Le Mortier;35320;35321;Saulnières;;;-1.5764;47.912669
35321_b056_00001;1;;Le Chêne Blanc;35320;35321;Saulnières;;Le Chêne Blanc;-1.589493;47.899389
35321_b020_00006;6;;Le Champ Berhault;35320;35321;Saulnières;;;-1.580274;47.925739
35321_8xv1ti_00015;15;;les Marronniers;35320;35321;Saulnières;;;-1.579558;47.917366
35321_a010_00003;3;;Résidence des Rosiers;35320;35321;Saulnières;;;-1.588116;47.914936
35321_b156_00003;3;;Les 4 Vents;35320;35321;Saulnières;;;-1.563394;47.920305
35321_1ege1w_00001;1;;Le Tremble;35320;35321;Saulnières;;;-1.592451;47.927038
35321_0132_00006;6;;Rue des Salicornes;35320;35321;Saulnières;;;-1.588157;47.916738
35321_0040_00010;10;;Rue de la Gare;35320;35321;Saulnières;;;-1.591825;47.916089
35321_b069_00021;21;;La Croix Blanche;35320;35321;Saulnières;;;-1.588233;47.920394
35321_a010_00011;11;;Résidence des Rosiers;35320;35321;Saulnières;;;-1.588589;47.914418
35321_02bbye_00003;3;;La Sorais;35320;35321;Saulnières;;;-1.577856;47.921229
35321_b020_00008;8;;Le Champ Berhault;35320;35321;Saulnières;;;-1.579717;47.925534
35321_0100_00025;25;;Rue des Paludiers;35320;35321;Saulnières;;;-1.586356;47.916112
35321_0110_00005;5;;Allée des Peupliers;35320;35321;Saulnières;;;-1.587572;47.914481
35321_b069_00009;9;;La Croix Blanche;35320;35321;Saulnières;;;-1.589075;47.919285
35321_3wv9k7_00008;8;;Le Boulai;35320;35321;Saulnières;;;-1.570428;47.9035
35321_b140_00026;26;;La Riviere Breton;35320;35321;Saulnières;;;-1.583516;47.931647
35321_b120_00001;1;;le Plessis Bon Enfant;35320;35321;Saulnières;;;-1.57885;47.932095
35321_0132_00004;4;;Rue des Salicornes;35320;35321;Saulnières;;;-1.588455;47.916793
35321_0130_00007;7;;Rue Saint Martin;35320;35321;Saulnières;;;-1.587428;47.915187
35321_0100_00031;31;;Rue des Paludiers;35320;35321;Saulnières;;;-1.585251;47.916315
35321_0008_00002;2;;Impasse Choisel;35320;35321;Saulnières;;;-1.586107;47.913589
35321_0038_00007;7;;Ruelle des Francs Bourgeois;35320;35321;Saulnières;;;-1.587469;47.915708
35321_mvjj52_00008;8;;La Tennehais;35320;35321;Saulnières;;;-1.565104;47.927212
35321_0040_00006;6;;Rue de la Gare;35320;35321;Saulnières;;;-1.590906;47.915903
35321_0155_00001_c;1;c;Rue du Vieux Bourg;35320;35321;Saulnières;;;-1.590688;47.915445
35321_4f99sh_00024;24;;Les Pointellieres;35320;35321;Saulnières;;;-1.582229;47.914005
35321_a010_00008;8;;Résidence des Rosiers;35320;35321;Saulnières;;;-1.58888;47.914451
35321_b069_00005;5;;La Croix Blanche;35320;35321;Saulnières;;;-1.588671;47.918582
35321_8xv1ti_00017;17;;les Marronniers;35320;35321;Saulnières;;;-1.579118;47.917442
35321_0040_00001;1;;Rue de la Gare;35320;35321;Saulnières;;;-1.589177;47.915615
35321_0130_00019;19;;Rue Saint Martin;35320;35321;Saulnières;;;-1.585863;47.914785
35321_iyakw1_00001;1;;La Colombais;35320;35321;Saulnières;;;-1.588336;47.927236
35321_0160_00006;6;;Impasse du Vivier;35320;35321;Saulnières;;;-1.583599;47.918433
35321_02bbye_00020;20;;La Sorais;35320;35321;Saulnières;;;-1.576571;47.922235
35321_mvjj52_00001;1;;La Tennehais;35320;35321;Saulnières;;;-1.566748;47.926964
35321_a010_00007;7;;Résidence des Rosiers;35320;35321;Saulnières;;;-1.588616;47.914596
35321_0130_00025;25;;Rue Saint Martin;35320;35321;Saulnières;;;-1.585401;47.914642
35321_0dkf4h_00010;10;;Le Mortier;35320;35321;Saulnières;;;-1.575779;47.912765
35321_0100_00003_a;3;a;Rue des Paludiers;35320;35321;Saulnières;;;-1.588775;47.915657
35321_0040_00008_a;8;a;Rue de la Gare;35320;35321;Saulnières;;;-1.591349;47.915991
35321_0155_00001;1;;Rue du Vieux Bourg;35320;35321;Saulnières;;;-1.590144;47.915758
35321_a010_00002;2;;Résidence des Rosiers;35320;35321;Saulnières;;;-1.588455;47.914778
35321_0025_00002;2;;Rue de l'Etang;35320;35321;Saulnières;;;-1.589949;47.913599
35321_0100_00002;2;;Rue des Paludiers;35320;35321;Saulnières;;;-1.588081;47.915705
35321_0100_00029;29;;Rue des Paludiers;35320;35321;Saulnières;;;-1.585742;47.916221
35321_b009_00008;8;;Beau Soleil;35320;35321;Saulnières;;;-1.587331;47.923586
35321_g2nvsh_04002;4002;;Zone Artisanale les Salines;35320;35321;Saulnières;;;-1.576388;47.91726
35321_0140_00006;6;;Rue du Semnon;35320;35321;Saulnières;;;-1.585692;47.914043
35321_0100_00031_b;31;b;Rue des Paludiers;35320;35321;Saulnières;;;-1.585056;47.916343
35321_iyakw1_00004;4;;La Colombais;35320;35321;Saulnières;;;-1.588377;47.927339
35321_8xv1ti_00009;9;;les Marronniers;35320;35321;Saulnières;;;-1.580589;47.917175
35321_0008_00005;5;;Impasse Choisel;35320;35321;Saulnières;;;-1.585754;47.913568
35321_b069_00019;19;;La Croix Blanche;35320;35321;Saulnières;;;-1.588282;47.920192
35321_0155_00001_d;1;d;Rue du Vieux Bourg;35320;35321;Saulnières;;;-1.590884;47.915523
35321_0135_00002;2;;Rue des Saulniers;35320;35321;Saulnières;;;-1.589202;47.915332
35321_a020_00004;4;;Residence du Tilleul;35320;35321;Saulnières;;;-1.584593;47.915993
35321_0040_00014;14;;Rue de la Gare;35320;35321;Saulnières;;;-1.592483;47.916203
35321_0132_00010;10;;Rue des Salicornes;35320;35321;Saulnières;;;-1.587686;47.916668
35321_rrcvlx_00005;5;;Caharel;35320;35321;Saulnières;;;-1.584574;47.933487
35321_17ruyn_00016;16;;L’Affeagement;35320;35321;Saulnières;;;-1.580104;47.917135
35321_17ruyn_00001_b;1;b;L’Affeagement;35320;35321;Saulnières;;;-1.582699;47.916819
35321_b152_00002;2;;La Vieille Cour;35320;35321;Saulnières;;;-1.58127;47.931723
35321_a010_00004;4;;Résidence des Rosiers;35320;35321;Saulnières;;;-1.588748;47.914613
35321_b140_00020;20;;La Riviere Breton;35320;35321;Saulnières;;;-1.585506;47.931404
35321_b069_00015;15;;La Croix Blanche;35320;35321;Saulnières;;;-1.588426;47.919596
35321_0130_00031;31;;Rue Saint Martin;35320;35321;Saulnières;;;-1.584337;47.914432
35321_0132_00007;7;;Rue des Salicornes;35320;35321;Saulnières;;;-1.588107;47.916803
35321_0100_00009;9;;Rue des Paludiers;35320;35321;Saulnières;;;-1.587982;47.915801
35321_a020_00016;16;;Residence du Tilleul;35320;35321;Saulnières;;;-1.584803;47.915183
35321_0100_00020;20;;Rue des Paludiers;35320;35321;Saulnières;;;-1.58399;47.916444
35321_0135_00004_bis;4;bis;Rue des Saulniers;35320;35321;Saulnières;;;-1.590562;47.914981
35321_0060_00011;11;;Rue Maigé;35320;35321;Saulnières;;;-1.587501;47.91402
35321_7a61hw_00005;5;;Le Casseul;35320;35321;Saulnières;;;-1.56856;47.912378
35321_0040_00005;5;;Rue de la Gare;35320;35321;Saulnières;;;-1.589805;47.915847
35321_b141_00016;16;;La Riviere Noyal;35320;35321;Saulnières;;;-1.585851;47.929033
35321_0130_00027;27;;Rue Saint Martin;35320;35321;Saulnières;;;-1.585089;47.914546
35321_4f99sh_00043;43;;Les Pointellieres;35320;35321;Saulnières;;;-1.581916;47.914067
35321_0008_00001;1;;Impasse Choisel;35320;35321;Saulnières;;;-1.586025;47.913653
35321_0050_00001;1;;Impasse de la Lande de Baragon;35320;35321;Saulnières;;;-1.586473;47.914472
35321_b011_00011;11;;La Belle Epine;35320;35321;Saulnières;;;-1.563611;47.919879
35321_0130_00005;5;;Rue Saint Martin;35320;35321;Saulnières;;;-1.587658;47.915255
35321_b008_00001;1;;le Bas Gâtel;35320;35321;Saulnières;;;-1.566063;47.93001
35321_17ruyn_00026;26;;L’Affeagement;35320;35321;Saulnières;;;-1.578266;47.917416
35321_0035_00002;2;;Rue du Four;35320;35321;Saulnières;;;-1.589458;47.915405
35321_b141_00007;7;;La Riviere Noyal;35320;35321;Saulnières;;;-1.58563;47.929447
35321_0010_00001;1;;Rue Cintrée;35320;35321;Saulnières;;;-1.59029;47.916173
35321_iyakw1_00017;17;;La Colombais;35320;35321;Saulnières;;;-1.591025;47.92795
35321_waipnp_00069;69;;Les Croix;35320;35321;Saulnières;;;-1.578872;47.91362
35321_0100_00006;6;;Rue des Paludiers;35320;35321;Saulnières;;;-1.586562;47.915979
35321_0060_00006;6;;Rue Maigé;35320;35321;Saulnières;;;-1.586801;47.91391
35321_b009_00010;10;;Beau Soleil;35320;35321;Saulnières;;;-1.587297;47.92381
35321_a010_00012;12;;Résidence des Rosiers;35320;35321;Saulnières;;;-1.588625;47.914357
35321_0040_00012;12;;Rue de la Gare;35320;35321;Saulnières;;;-1.592172;47.916149
35321_b075_00003;3;;La Fontaine Piard;35320;35321;Saulnières;;;-1.555565;47.92486
35321_a020_00010;10;;Residence du Tilleul;35320;35321;Saulnières;;;-1.584585;47.915541
35321_0060_00005;5;;Rue Maigé;35320;35321;Saulnières;;;-1.586733;47.913793
35321_0060_00001;1;;Rue Maigé;35320;35321;Saulnières;;;-1.586366;47.913664
35321_g2nvsh_02010;2010;;Zone Artisanale les Salines;35320;35321;Saulnières;;;-1.576046;47.916631
35321_17ruyn_00024;24;;L’Affeagement;35320;35321;Saulnières;;;-1.57843;47.917369
35321_b009_00014;14;;Beau Soleil;35320;35321;Saulnières;;;-1.587121;47.924492
35321_b157_00001;1;;Le Haut Gatel;35320;35321;Saulnières;;;-1.565763;47.929284
35321_0132_00003;3;;Rue des Salicornes;35320;35321;Saulnières;;;-1.588581;47.916881
35321_0060_00008;8;;Rue Maigé;35320;35321;Saulnières;;;-1.587001;47.913982
35321_0015_00001;1;;Rue des Demoiselles;35320;35321;Saulnières;;;-1.589178;47.916303
35321_0100_00033;33;;Rue des Paludiers;35320;35321;Saulnières;;;-1.583533;47.916726
35321_b069_00007;7;;La Croix Blanche;35320;35321;Saulnières;;;-1.588601;47.918903
35321_y7w1d0_00002;2;;Les Perrettes;35320;35321;Saulnières;;;-1.591102;47.913714
35321_waipnp_00065;65;;Les Croix;35320;35321;Saulnières;;;-1.579411;47.913689
35321_b152_00006;6;;La Vieille Cour;35320;35321;Saulnières;;;-1.580769;47.931802
35321_0100_00003_b;3;b;Rue des Paludiers;35320;35321;Saulnières;;;-1.588739;47.915671
35321_d0r3sw_00001;1;;Le Fouteau;35320;35321;Saulnières;;;-1.568098;47.920749
35321_0110_00004;4;;Allée des Peupliers;35320;35321;Saulnières;;;-1.587699;47.91436
35321_0135_00008;8;;Rue des Saulniers;35320;35321;Saulnières;;;-1.590364;47.914376
35321_t16nd2_00006;6;;Marnas;35320;35321;Saulnières;;;-1.587356;47.920504
35321_b152_00004;4;;La Vieille Cour;35320;35321;Saulnières;;;-1.581065;47.931583
35321_waipnp_00054;54;;Les Croix;35320;35321;Saulnières;;;-1.577918;47.913655
35321_b069_00017;17;;La Croix Blanche;35320;35321;Saulnières;;;-1.588347;47.919991
35321_0040_00003;3;;Rue de la Gare;35320;35321;Saulnières;;;-1.589486;47.915727
35321_3wv9k7_00006;6;;Le Boulai;35320;35321;Saulnières;;;-1.571965;47.903432
35321_t16nd2_00004;4;;Marnas;35320;35321;Saulnières;;;-1.5875;47.920535
35321_0040_00002_b;2;b;Rue de la Gare;35320;35321;Saulnières;;;-1.588873;47.915651
35321_0040_00017;17;;Rue de la Gare;35320;35321;Saulnières;;;-1.59091;47.915802
35321_0130_00011;11;;Rue Saint Martin;35320;35321;Saulnières;;;-1.586753;47.915005
35321_0060_00010;10;;Rue Maigé;35320;35321;Saulnières;;;-1.587181;47.914049
